User,Height,Weight,BMI
ID_1,165,62,22.77318640955005
ID_2,177,67,21.38593635289987
ID_3,160,55,21.484374999999996
ID_4,180,74,22.839506172839506
